{
    "accuracy": 0.8421052631578947,
    "precision": 0.7804878048780488,
    "recall": 1.0,
    "f1_score": 0.8767123287671232,
    "roc_auc": 0.914375
}