{
    "accuracy": 0.8771929824561403,
    "precision": 0.8205128205128205,
    "recall": 1.0,
    "f1_score": 0.9014084507042254,
    "roc_auc": 0.9249999999999999
}