{
    "accuracy": 0.8032786885245902,
    "precision": 0.7692307692307693,
    "recall": 0.9090909090909091,
    "f1_score": 0.8333333333333334,
    "roc_auc": 0.8777056277056277
}